Workbook

Sheet Practice
B2: Product ID | C2: Product Name | D2: Price per Unit
B3: P001 | C3: =VLOOKUP(B3,Product_Master!D3:G8,2,FALSE) -> Laptop | D3: =VLOOKUP(C3,Product_Master!E3:H8,3,FALSE) -> 3000
B4: P002 | C4: =VLOOKUP(B4,Product_Master!D4:G9,2,FALSE) -> Smartphone | D4: =VLOOKUP(C4,Product_Master!E4:H9,3,FALSE) -> 3000
B5: P003 | C5: =VLOOKUP(B5,Product_Master!D5:G10,2,FALSE) -> Headphones | D5: =VLOOKUP(C5,Product_Master!E5:H10,3,FALSE) -> 3500
B6: P004 | C6: =VLOOKUP(B6,Product_Master!D6:G11,2,FALSE) -> Printer | D6: =VLOOKUP(C6,Product_Master!E6:H11,3,FALSE) -> 5000
B7: P005 | C7: =VLOOKUP(B7,Product_Master!D7:G12,2,FALSE) -> Monitor | D7: =VLOOKUP(C7,Product_Master!E7:H12,3,FALSE) -> 4000

Sheet Product_Master
D3: Product ID | E3: Product Name | F3: Category | G3: Price per Unit
D4: P001 | E4: Laptop | F4: Electronics | G4: 3000
D5: P002 | E5: Smartphone | F5: Electronics | G5: 3000
D6: P003 | E6: Headphones | F6: Accessories | G6: 3500
D7: P004 | E7: Printer | F7: Office Supplies | G7: 5000
D8: P005 | E8: Monitor | F8: Electronics | G8: 4000

Sheet Monthly Target
B2: Region | C2: North | D2: South | E2: East | F2: West
B3: Target Sales | C3: 150000 | D3: 140000 | E3: 120000 | F3: 160000
I6: Data validation
I8: Region
C11: Region | D11: North | E11: South | F11: East | G11: West
A12: hlookup use | C12: Target Sales | D12: =HLOOKUP(D11,B2:F3,2,FALSE) -> 150000 | E12: =HLOOKUP(E11,C2:G3,2,FALSE) -> 140000 | F12: =HLOOKUP(F11,D2:H3,2,FALSE) -> 120000 | G12: =HLOOKUP(G11,E2:I3,2,FALSE) -> 160000

Sheet Sales
B2: Employee ID | C2: Employee Name | D2: Region | E2: Product ID | F2: Units Sold | G2: Sales Amount | H2: Total_Revenue Generated
B3: E101 | C3: Rahul Mehta | D3: North | E3: P001 | F3: 15 | G3: 45000 | H3: =G3*F3 -> 675000
B4: E102 | C4: Priya Sharma | D4: South | E4: P002 | F4: 20 | G4: 60000 | H4: =G4*F4 -> 1200000
B5: E103 | C5: Aman Verma | D5: East | E5: P003 | F5: 10 | G5: 35000 | H5: =G5*F5 -> 350000
B6: E104 | C6: Sneha Patel | D6: West | E6: P004 | F6: 25 | G6: 125000 | H6: =G6*F6 -> 3125000
B7: E105 | C7: Rohan Gupta | D7: North | E7: P005 | F7: 12 | G7: 48000 | H7: =G7*F7 -> 576000
B8: E106 | C8: Meena Iyer | D8: East | E8: P002 | F8: 18 | G8: 54000 | H8: =G8*F8 -> 972000
B9: E107 | C9: Deepak Rao | D9: South | E9: P003 | F9: 22 | G9: 77000 | H9: =G9*F9 -> 1694000
B10: E108 | C10: Kavita Das | D10: West | E10: P001 | F10: 30 | G10: 90000 | H10: =G10*F10 -> 2700000
B11: E109 | C11: Ajay Nair | D11: North | E11: P004 | F11: 14 | G11: 70000 | H11: =G11*F11 -> 980000
B12: E110 | C12: Neha Kulkarni | D12: East | E12: P005 | F12: 8 | G12: 32000 | H12: =G12*F12 -> 256000
G13: Sum | H13: =SUM(H3:H12) -> 12528000
